Text;Original Text;Tag;Url
"La capital de l’empire Noxien a été fondé autour du bastion immortel (The Immortal Bastion); la citadel d’un revenant redouté qui a terrorisé Valoran pendant des siècles. ";;LoadingScreen, Lore, Noxus, ImmortalBastion, Mordekaiser;
L’un des nombreux titres de Kled est « Haut-major commodore de la Compagnie Première Légion Troisième Multiplication Double Admiral Artillery Vanguard ».;;LoadingScreen, Lore, Kled;
Les Brackerns, une race d'énormes scorpions au corps de cristal, sommeillent dans les sables sous une vallée cachée de Shurima. ;;LoadingScreen, Lore, Shurima, Brackern;
Sai Kahleek est l'un des déserts les plus redoutés de Shurima, car il est peuplé par les voraces Xer'Sai.;;LoadingScreen, Lore, Shurima, Xer’Sai;
De nombreux Néantins (Voidborn) ont des noms issus de l'ancienne langue shurimane.;;LoadingScreen, Lore, Voidborn, Néantin, Shurima;
Le Dieu-Saule était un arbre ancien trouvé à Ionia, avant d'être abattu par Ivern le Cruel.;;LoadingScreen, Lore, SpiritTree, Ivern;
Une grande partie des exportations de Bilgewater provient des biens de valeur récoltés sur les carcasses de monstres marins vidés aux quais d'abattage.;;LoadingScreen, Lore, Bilgewater;
L'homme qui a précédé Shen en tant qu' « Oeil du Crépuscule » était son père, Kusho.;;LoadingScreen, Lore, Shen;
Les armes de Miss Fortune ont été fabriquées par sa mère pour un jeune Gangplank, qui a retourné les armes contre leur créateur.;;LoadingScreen, Lore, MissFortune, Gangplank;
Les légendes parlent d'un royaume au-delà du sommet du mont Targon, habité par de grands êtres célestes connus sous le nom d'Aspects.;;LoadingScreen, Lore, Targon;
"En utilisant de la chaux, de la cendre et l'écorce fossilisée d'arbres anciens, les Demaciens créent de la pétricite ; pierre absorbant la magie avec laquelle ils ont construit leurs murs.";;LoadingScreen, Lore, Demacia, Petricite;
Parfois connu sous le nom d'acier argenté ou d'acier runique, l'acier de Demacia est convoité pour sa durabilité, sa légèreté et ses interactions uniques avec la magie.;;LoadingScreen, Lore, Demacia;
Garen and Lux are siblings of the Crownguard family, who traditionally serve as the royal protectors.;;LoadingScreen, Lore, Demacia, Garen, Lux;
Fiora est à la tête de la Maison Laurent à Demacia, poste qu'elle a revendiqué après avoir tué son père en duel.;;LoadingScreen, Lore, Demacia, Fiora;
Lorsque les plans de Zaun de créer une voie navigable entre l'est et l'ouest de Valoran ont mal tourné, Janna a évité des milliers de morts et est maintenant vénérée par beaucoup comme une déesse.;;LoadingScreen, Lore, Zaun, Janna;
"De nombreux trolls du givre se sont ralliés au ""Roi des Trolls"" autoproclamé, Trundle.";;LoadingScreen, Lore, Troll, Trundle;
Les artefacts de Glace Pure détiennent un pouvoir incroyable, mais seuls les Iceborn peuvent les manier.;;LoadingScreen, Lore, GlacePure, Iceborn;
Avant de devenir une Sorcière de Glace, Lissandra a été définitivement aveuglée par les griffes d'un Ursine.;;LoadingScreen, Lore, Lissandra, Ursine;
"Le club Glace Pure de Trundle s'appelle ""Boneshiver"".";;LoadingScreen, Lore, Trundle;
On dit que le passage du temps est différent à Bandle City, donnant aux yordles une nature intemporelle.;;LoadingScreen, Lore, BandleCity, Yordle;
En raison de leur glamour, la vraie forme d'un yordle est difficile à percevoir pour les humains normaux.;;LoadingScreen, Lore, Yordle;
Avant la Ruine, les îles obscures étaient connues sous le nom d'îles bénies.;;LoadingScreen, Lore, IlesObscures;
"La masse de Mordekaiser s'appelle ""Nightfall"".";;LoadingScreen, Lore, Mordekaiser;
Pour conjurer un grand danger sous l'océan, les Marai illuminent les profondeurs avec une pierre de lune.;;LoadingScreen, Lore, Marai;
Les Vastaya sont des êtres chimériques qui doivent leur héritage à l'union d'humains et d'une ancienne race éteinte depuis longtemps.;;LoadingScreen, Lore, Vastaya;
Les basilics des Kumungu sont parfois élevés à partir d'œufs en tant que bêtes de guerre noxiennes.;;LoadingScreen, Lore, Noxus;
Les Drakehounds, un parent éloigné des dragons, sont gardés par des Noxiens riches, et peut-être stupides, comme animaux de compagnie.;;LoadingScreen, Lore, Drakehound, Noxus;
Les Warmasons sont chargés par Noxus non seulement de tracer et de planifier les infrastructures, mais aussi de repérer le territoire ennemi pour de futures invasions.;;LoadingScreen, Lore, Noxus, Warmasons;
"Les sœurs Katarina et Cassiopeia font partie de la famille Du Couteau; l'une des maisons nobles les plus prestigieuses de Noxus.";;LoadingScreen, Lore, Noxus, Katarina, Cassiopeia;
Originaires des rochers escarpés du nord de Demacia, se trouvent les Raptors rares et féroces. Seuls quelques individus sont connus pour se lier d'amitié avec ces bêtes et les chevaucher.;;LoadingScreen, Lore, Demacia, Raptor;
Les légendes racontent comment Avarosa, ancienne reine de Freljord, a été tuée par sa propre sœur.;;LoadingScreen, Lore, Freljord, Avarosan, Lissandra;
L'Incognium Runeterra à Piltover a été conçu pour localiser n'importe qui à Runeterra, mais son créateur est mort mystérieusement avant de révéler la formule qui l'alimente, le laissant inutilisable.;;LoadingScreen, Lore, Piltover;
Les plus riches de Zaun se trouvent souvent au niveau Promenade de Zaun, qui croise les régions les plus basses de Piltover.;;LoadingScreen, Lore, Piltover, Zaun;
Le niveau Entresol de Zaun est l'endroit où se déroulent la plupart des échanges et des affaires de la ville.;;LoadingScreen, Lore, Zaun, Entresol;
Le Puisard (Sump) comprend les niveaux inférieurs de Zaun.;;LoadingScreen, Lore, Zaun, Sump;
"Les âmes revendiquées par le Black Mist sont connues de certains comme ""les Déchus"". Bien qu'ils soient généralement incorporels, ils peuvent être blessés avec les bons outils, tels que la magie, l'argent ou même la lumière du soleil.";;LoadingScreen, Lore, BlackMist, Fallen, SentinelsOfLight;
Les îles bénies abritaient autrefois une ancienne société d'érudits qui rassemblaient des artefacts magiques et des documents historiques de tout Runeterra.;;LoadingScreen, Lore, ShadowIsle, Fallen, SentinelsOfLight;
Au-dessus de la ville de Nashramae se dresse une réplique du disque solaire, construite il y a longtemps pour honorer l'héritage perdu de l'ancienne Shurima.;;LoadingScreen, Lore, Nashramae, SolarDisk, Shurima;
Dans la ville shurimane de Nashramae, un festival est organisé pour célébrer Rammus. Des milliers de personnes se rassemblent pour rouler et culbuter autour de la ville en son honneur.;;LoadingScreen, Lore, Nashramae, Shurima, Rammus;
"Dans les entrailles de la capitale de Shurima se trouve ""l'Oasis de l'Aube"", d'où coulent presque toutes les rivières du pays.";;LoadingScreen, Lore, Shurima;
"Certains nomades shurimans ont créé des villes entières sur le dos du Dormun; d'énormes bêtes blindées qui errent dans les déserts.";;LoadingScreen, Lore, Shurima, Dormun;
La ville shurimane de Zuretta est gouvernée par la hiérophante Hadiya Nejem, qui se croit descendante du guerrier ascensionné Setaka.;;LoadingScreen, Lore, Shurima, Dormun;
À Shurima, ceux qui ont survécu à un rituel raté de l'Ascension sont connus sous le nom de Baccai, qui sont souvent tordus et malformés.;;LoadingScreen, Lore, Shurima, Baccai, Ascended;
Les Solari vénèrent le soleil et dénoncent toutes les autres formes de lumière comme inférieures. Leur foi domine les pentes du mont Targon.;The Solari revere the sun and denounce all other forms of light as inferior. Their faith dominates the slopes of Mount Targon.;LoadingScreen, Lore, Solari, Targon;
Garen a quitté la maison pour rejoindre l'Avant-garde Intrépide, l'une des forces militaires les plus élitistes de Demacia, alors qu'il n'avait que douze ans.;Garen left home to join the Dauntless Vanguard, one of Demacia's most elite military forces, when he was only twelve years old.;LoadingScreen, Lore, Garen, DauntlessVanguard;
Les Rakkor du Mont Targon passent une grande partie de leurs journées à combattre des pillards, à tuer des êtres d'un autre monde et à s'affronter entre eux.;The Rakkor of Mount Targon spend much of their days battling raiders, slaying otherworldly beings, and sparring amongst themselves.;LoadingScreen, Lore, Rakkor, Targon;
Il y a un jardin dans le sud d’Ionia où les fleurs consomment les souvenirs.;There is a garden in southern Ionia where flowers consume memories.;LoadingScreen, Lore, Ionia, GardenOfForgetting;
Khada Jhin est un nom de scène. La véritable identité de Jhin reste un mystère.;Khada Jhin is a stage name. Jhin's true identity remains a mystery.;LoadingScreen, Lore, Jhin;
"De son vivant, Hecarim était le chef de l'Ordre de Fer; une infâme confrérie de chevaliers montés.";"In life, Hecarim was the leader of the Iron Order; an infamous brotherhood of mounted knights.";LoadingScreen, Lore, Hécarim;
Utilisant des eaux enchantées enfouies profondément dans la terre, Maokai a transformé les îles désolées sur lesquelles il est né en un paradis verdoyant.;Using enchanted waters buried deep in the earth, Maokai turned the desolate islands he was born on into a verdant paradise.;LoadingScreen, Lore, Maokai;
Avec son dernier souffle, Sion a tué Jarvan I. La couronne du roi sert maintenant de mâchoire à Sion.;With his dying breath, Sion killed Jarvan I. The King's crown now serves as Sion's jaw.;LoadingScreen, Lore, Sion;
Wukong était autrefois connu sous le nom de Kong, mais après avoir battu son professeur au combat, il a obtenu un titre honorifique réservé uniquement aux étudiants les plus brillants de Wuju, devenant Wukong.;Wukong was once known as Kong, but upon besting his teacher in combat, earned an honorific reserved only for the brightest of Wuju students, becoming Wukong.;LoadingScreen, Lore, Wukong, Wuju;
"Le robot de Rumble est nommé ""Tristy"", en l'honneur d'un yordle qui est très important pour lui.";"Rumble's mech is named ""Tristy,"" in honor of a yordle who is very important to him.";LoadingScreen, Lore, Rumble, Tristana;
Poppy était autrefois une amie proche d'un homme nommé Orlon. Elle a repris son marteau à sa mort.;Poppy was once close friends with a man named Orlon. She took up his hammer upon his death.;LoadingScreen, Lore, Poppy;
"Blitzcrank a été créé par Viktor pour être un golem plus fort, plus rapide et plus intelligent; celui qui pourrait mieux aider les habitants de Zaun.";"Blitzcrank was created by Viktor to be a stronger, faster and smarter golem; one that could better help the people of Zaun.";LoadingScreen, Lore, Viktor, Blitzcrank;
"Ekko est l'un des ""Enfants Perdus de Zaun"", un groupe de jeunes Zauniens connus pour leurs méfaits à travers la ville.";"Ekko is one of the ""Lost Children of Zaun,"" a band of Zaunite youths known for their mischief across the city.";LoadingScreen, Lore, Zaun, Ekko;
"Illaoi brandit ""l'Œil de Dieu"", une idole de l'un des dieux de Buhru.";"Illaoi wields the ""Eye of God,"" an idol of one of the gods of Buhru.";LoadingScreen, Lore, Buhru;
Le bâton de l’Aquamancien permet à son porteur de commander l'eau et est attiré par le pouvoir de la lune.;The Tidecaller's staff allows its wielder to command water, and is drawn to the power of the moon.;LoadingScreen, Lore, Nami, Aquamancien;
Grâce à son cœur hextech, Camille a réussi à conserver une partie de son air de jeunesse malgré son âge.;Thanks to her hextech heart, Camille has managed to retain some of her youthful looks despite her age.;LoadingScreen, Lore, Camille;
Le lance-roquettes, le mini-pistolet et le pistolet électrique de Jinx sont nommés Fishbones, Pow-Pow et Zapper.;Jinx's rocket launcher, mini-gun and electric pistol are named Fishbones, Pow-Pow and Zapper.;LoadingScreen, Lore, Jinx;
Le Dr Mundo n'est pas vraiment médecin. Il pense juste qu'il en est un.;Dr. Mundo isn't actually a doctor. He just thinks he is.;LoadingScreen, Lore, Mundo;
Pantheon est l'un des Aspects du Targon et habite actuellement le corps d'un guerrier Rakkorien nommé Atreus.;Pantheon is one of the Aspects of Targon, and currently inhabits the body of a Rakkoran warrior named Atreus.;LoadingScreen, Lore, Targon, Rakkor;
Galio a été créé sur une période de deux ans par un légendaire sculpteur demacien nommé Durand.;Galio was created over a period of two years by a legendary Demacian sculptor named Durand.;LoadingScreen, Lore, Galio, Demacia;
Quinn et son frère jumeau Caleb sont nés dans la ville rurale de Demacian d'Uwendale.;Quinn and her twin brother Caleb were born in the rural Demacian town of Uwendale.;LoadingScreen, Lore, Demacia, Quinn, Uwendale;
Rengar est l'un des Kiilash, une tribu Vastaya de Shurima.;Rengar is one of the Kiilash, a vastayan tribe from Shurima.;LoadingScreen, Lore, Shurima, Rengar, Vastaya, Kiilash;
"Nami est l'un des Marai; une tribu vastayan des mers à l'ouest du mont Targon.";"Nami is one of the Marai; a vastayan tribe from the seas west of Mount Targon.";LoadingScreen, Lore, Nami, Marai, Vastaya, Targon;
Xayah et Rakan font partie des Vastaya Lhotlan, qui prospéraient autrefois dans les hautes terres Ioniennes.;Xayah and Rakan are of the Lhotlan vastaya, who used to thrive in the Ionian highlands.;LoadingScreen, Lore, Xayah, Rakan,  Ionia;
La tribu Vastaya de Wukong, les Shimon, habite dans les cimes des arbres les plus hauts d'Ionie.;Wukong's vastayan tribe, the Shimon, dwells amongst the canopies of Ionia's tallest trees.;LoadingScreen, Lore, Wukong, Ionia;
La nourriture préférée de Jax est les œufs, en particulier ceux d'un certain caravansérail de la ville Shurimane d'Uzeris.;Jax's favorite food is eggs, particularly those from a certain caravansary in the Shuriman city of Uzeris.;LoadingScreen, Lore, Jax, Shurima;
Les habitants de Bilgewater ont un grand respect pour les créatures monstrueuses des profondeurs, à tel point que leur monnaie est le Kraken d’or et le Serpent d’argent.;The people of Bilgewater have a great respect for the monstrous creatures of the deep, so much so, that their currency is Golden Krakens and Silver Serpents.;LoadingScreen, Lore, Bilgewater;
Les Voûtes Ecliptiques étaient autrefois considérés comme la banque la plus sûre de Piltover, avant que Jinx ne perce ses murs fortement renforcés.;The Ecliptic Vaults were once considered to be Piltover's most secure bank, before Jinx breached its heavily reinforced walls.;LoadingScreen, Lore, Piltover, Jinx;
Le fusil hextech de Caitlyn a été fabriqué par ses parents pour son vingt et unième anniversaire.;Caitlyn's hextech rifle was crafted by her parents for her twenty-first birthday.;LoadingScreen, Lore, Caitlyn;
Le marteau de Jayce est alimenté par un éclat de cristal Brackern des profondeurs des sables de Shuriman.;Jayce's transforming hammer is powered by a shard from a Brackern crystal from the depths of the Shuriman sands.;LoadingScreen, Lore, Jayce, Brackern, Shurima;
Taric, un ancien soldat demacien, est l'hôte de l'un des Aspects de Targon : le Protecteur.;Taric, a former Demacian soldier, is host to one of the Aspects of Targon: The Protector.;LoadingScreen, Lore, Taric, Demacia, Targon;
C'est sur le mont Targon que le Forgeur d’Etoiles rencontra pour la première fois les Targoniens, qui lui donnèrent le nom d'Aurelion Sol.;It was upon Mount Targon that the Star Forger first met the Targonians, who gave him the name Aurelion Sol.;LoadingScreen, Lore, Targon, AurelionSol;
Lorsque la fille humaine Orianna a succombé à des vapeurs toxiques, son père Corin a remplacé ses parties de corps défaillantes par des augmentations mécaniques, la transformant en une dame d'horlogerie.;When the human girl Orianna succumbed to poisonous fumes, her father Corin replaced her failing body parts with mechanical augments, transforming her into a lady of clockwork.;LoadingScreen, Lore, Orianna;
;The callers of the Serpent Isles sound enormous horns carved into cliffs to beckon forth great sea monsters.;LoadingScreen, Lore;
Twisted Fate est né des nomades riverains de la Serpentine, une rivière qui coule près de Bilgewater.;Twisted Fate was born to the nomadic river-folk of the Serpentine, a river flowing near Bilgewater.;LoadingScreen, Lore, TwistedFate, Bilgewater, Serpentine;
Le compagnon yéti de Nunu s'appelle Willump.;Nunu's yeti companion is named Willump.;LoadingScreen, Lore, Nunu;
Darius et Draven sont frères.;Darius and Draven are brothers.;LoadingScreen, Lore, Darius, Draven;
Le nom de Tahm Kench était celui d'un joueur qui avait conclu un marché avec le Roi de la Rivière. Ce nom est depuis devenu un synonyme de démon.;The name Tahm Kench was that of a gambler who made a bargain with the River King. That name has since become synonymous with the demon.;LoadingScreen, Lore, TahmKench;
Lorsque les rats des quais de Bilgewater se rassemblent en grands essaims, ils peuvent dévorer une personne adulte en quelques minutes.;When the wharf rats of Bilgewater gather in great swarms, they can devour a grown adult in minutes.;LoadingScreen, Lore, Bilgewater;
Des passerelles de pierre sombre connues sous le nom de Noxtoraa sont érigées au-dessus des routes dans les territoires conquis par Noxus.;Gateways of dark stone known as Noxtoraa are raised over roads in territories conquered by Noxus.;LoadingScreen, Lore, Noxus, Noxtoraa;
Hextech est la fusion de la magie et de la technologie, exploitant la puissance contenue dans des cristaux extrêmement rares.;Hextech is the fusion of magic and technology, harnessing the power contained within extremely rare crystals.;LoadingScreen, Lore, Hextech;
Piltover est le centre du commerce marchand de Valoran.;Piltover is the center of mercantile trade in Valoran.;LoadingScreen, Lore, Piltover;
Les puissants Chem-Barons de Zaun maintiennent une alliance souple qui empêche la ville de sombrer dans le chaos.;Zaun's powerful Chem-Barons keep a loose alliance that prevents the city from descending into chaos.;LoadingScreen, Lore, Zaun, ChemBaron;
Le Zaun Gris est l'atmosphère épaisse et chimique de Zaun qui peut être mortelle à respirer dans des lieux densément peuplé.;The Zaun Gray is the thick, chemical atmosphere of Zaun that can be fatal to breathe where densely settled.;LoadingScreen, Lore, Zaun;
L'architecture ionienne est connue pour sa fluidité harmonieuse avec la nature.;Ionian architecture is known for its harmonious fluidity with nature.;LoadingScreen, Lore, Ionia;
La Brume noire peut se manifester n'importe où à Valoran pendant la nuit de l’horreur, bien qu'elle frappe le plus souvent Bilgewater.;The Black Mist can manifest anywhere in Valoran during the Harrowing, though it strikes Bilgewater most.;LoadingScreen, Lore, DarkMist, Harrowing;
De nombreuses structures de Bilgewater sont fabriquées à partir de restes de navires éventrés sur ses côtes rocheuses.;Many structures in Bilgewater are made from remnants of ships gutted upon its rocky shores.;LoadingScreen, Lore, Bilgewater;
À Bilgewater, les morts ne sont pas enterrés - ils sont rendus à l'océan dans des cercueils submergés sous des pierres tombales flottantes.;In Bilgewater, the dead are not buried - they are given back to the ocean in submerged caskets below bobbing tombstones.;LoadingScreen, Lore, Bilgewater;
La Glace Pure ne fond jamais. la Glace Noire est de la Glace Pure qui a été corrompu.;True Ice never melts. Dark Ice is True Ice that has been corrupted.;LoadingScreen, Lore, TrueIce, DarkIce;
On pense que les Veilleurs sont piégés dans l'Abîme Hurlant.;The Frozen Watchers are believed to be trapped in the Howling Abyss.;LoadingScreen, Lore, Watcher, HowlingAbyss;
La lame croisée de Sivir, le Chalicar, appartenait autrefois à Setaka, une Reine Guerrière Ascensionnée de Shurima.;Sivir's crossblade, the Chalicar, once belonged to Setaka, an Ascended Warrior Queen of Shurima.;LoadingScreen, Lore, Sivir, Shurima;
Illaoi était le premier amour de Gangplank.;Illaoi was Gangplank's first love.;LoadingScreen, Lore, Illaoi, Gangplank;
Des événements fantastiques peuvent indiquer où le voile séparant Runeterra et le Néant s'est effilé.;Fantastical occurrences may indicate where the veil separating Runeterra and the Void has worn thin.;LoadingScreen, Lore, Void;
Certains disent que les yordles connaissent des passages secrets à travers Runeterra que d'autres ne peuvent pas percevoir.;Some say yordles know secret ways through Runeterra others cannot perceive.;LoadingScreen, Lore, Yordle;
La Dame barbue, la Mère d'en bas et Nagakabouros sont tous des noms que les natifs de Bilgewater appellent leur divinité.;The Bearded Lady, Mother Below, and Nagakabouros are all names Bilgewater natives call their deity.;LoadingScreen, Lore, Bilgewater;
Situé loin de la civilisation, le mont Targon est totalement isolé, accessible uniquement par le chercheur le plus déterminé.;Located far from civilization, Mount Targon is utterly remote, reachable only by the most determined seeker.;LoadingScreen, Lore, Targon;
Ceux qui sont Ascensionnés par le Disque Solaire de Shurima peuvent vivre des milliers d'années.;Those Ascended by the Sun Disc of Shurima can live for thousands of years.;LoadingScreen, Lore, Shurima, Ascended;
L'armée de Demacia est souvent en infériorité numérique, mais c'est sans doute l'armée la plus élitiste et la mieux entraînée de Runeterra.;Demacia's army is often outnumbered, but is arguably the most elite, well-trained army in Runeterra.;LoadingScreen, Lore, Demacia;
Votre champion continuera d'attaquer après un simple clic.;Your champion will continue attacking after only a single click.;LoadingScreen, NoobTip, NoobTipLow;
Dans le menu Options, vous pouvez attribuer un raccourci clavier qui peut ouvrir et fermer la boutique d'objets (’P’ par défaut).;In the Options menu, you can assign a keybind that can open and close the Item Shop.;LoadingScreen, NoobTip, NoobTipLow;
Les Bushs, les zones herbeuses autour de Summoner's Rift, vous cache des ennemis.;Brush, the grassy areas around Summoner's Rift, hides you from enemies.;LoadingScreen, NoobTip, NoobTipLow;
Vous bénéficiez des avantages des objets dès que vous les achetez. Pas besoin de s'équiper !;You gain the benefits of items right when you buy them. No need to equip!;LoadingScreen, NoobTip, NoobTipLow;
Dans le menu Options, vous pouvez attribuer un raccourci clavier qui vous permet de discuter avec d'autres joueurs de votre équipe (’Entrée’ par défaut).;In the Options menu, you can assign a keybind that lets you chat with other players on your team.;LoadingScreen, NoobTip, NoobTipLow;
Les monstres de la jungle ne vous feront pas de mal à moins que vous ne les attaquiez.;The monsters in the jungle won't hurt you unless you attack them.;LoadingScreen, NoobTip, NoobTipLow;
Les capacités n'affectent généralement pas les bâtiments.;Abilities don't usually affect buildings.;LoadingScreen, NoobTip, NoobTipLow;
L'or peut être dépensé pour améliorer des objets afin de vous rendre BEAUCOUP plus puissant.;Gold can be spent to upgrade items to make you MUCH more powerful.;LoadingScreen, NoobTip, NoobTipLow;
Tant qu'il n'y a pas de sbires ennemis à proximité, les tours ne subissent que 33 % des dégâts subis.;While there are no enemy Minions nearby, Towers only take 33% of incoming damage.;LoadingScreen, NoobTip, NoobTipMedium;
Dans le menu Options, vous pouvez attribuer un raccourci clavier pour que votre champion arrête d'attaquer (’S’ par défaut).;In the Options menu, you can assign a keybind to make your champion stop attacking.;LoadingScreen, NoobTip, NoobTipMedium;
Vous pouvez acheter des objets pendant votre mort.;You can buy items while dead.;LoadingScreen, NoobTip, NoobTipMedium;
Les effets d'objet marqués comme un passif UNIQUE ne fournissent leur avantage qu'une seule fois.;Item effects marked as a UNIQUE Passive provides its benefit only once.;LoadingScreen, NoobTip, NoobTipMedium;
Le dragon ancestral apparaît après qu’une équipe ai tué 4 dragons. Le tuer donne à votre équipe un grand pouvoir et amplifie les effets des dragons déjà tués !;The Elder Dragon spawns after 35 minutes. Slaying it gives your team both great power and amplifies the effects of already slain dragons!;LoadingScreen, NoobTip, NoobTipMedium;
L'utilisation de Wards vous permettra de voir là où vous n'êtes pas, même dans les buissons !;Using Wards will let you see where you're not, even in bushes!;LoadingScreen, NoobTip, NoobTipMedium;
Si vous maintenez la touche Ctrl ou Alt enfoncée, vous pouvez cliquer et faire glisser avec votre souris pour accéder à un menu de pings spéciaux.;If you hold down Ctrl or Alt, you can click and drag with your mouse to access a menu of special pings.;LoadingScreen, NoobTip, NoobTipMedium;
Individuellement, les Minions ne font pas beaucoup de dégâts. Mais en groupe, leurs attaques font la différence !;Individually, Minions don't do a lot of damage. But in a group, their attacks can really add up!;LoadingScreen, NoobTip, NoobTipMedium;
Les sbires ennemis se retourneront pour vous attaquer si vous attaquez un champion près d'eux.;Enemy Minions will turn to attack you if you attack a champion near them.;LoadingScreen, NoobTip, NoobTipMedium;
Certaines capacités, comme Frappe décisive de Garen, peuvent endommager les tours.;A few abilities, like Garen's Decisive Strike, can damage Towers.;LoadingScreen, NoobTip, NoobTipMedium;
Au niveau 9, vous pouvez améliorer votre trinket gratuitement.;At Level 9, you can upgrade your trinket for free.;LoadingScreen, NoobTip, NoobTipMedium;
Certains champions peuvent utiliser des capacités pour se déplacer sur les murs, leur permettant d'attaquer ou de s'échapper de manière inattendue.;Some champions can use abilities to move over walls, allowing them to attack or escape unexpectedly.;LoadingScreen, NoobTip, NoobTipMedium;
Les couleurs des infobulles de vos capacités peuvent vous donner des indices, par exemple sur les statistiques d'objet qui renforcent cette capacité.;The colors in your ability tooltips can give you hints, such as which item stats make that ability stronger.;LoadingScreen, NoobTip, NoobTipMedium;
Si vous réussissez le dernier coup qui tue un sbire ou un monstre de la jungle, vous gagnez l'or pour ce kill.;If you land the last hit that kills a Minion or jungle monster, you earn the gold for that kill.;LoadingScreen, NoobTip, NoobTipMedium;
L’AP augmente l'efficacité globale de nombreuses capacités, pas seulement les dégâts.;Ability Power increases the overall effectiveness of many abilities, not just damage.;LoadingScreen, NoobTip, NoobTipMedium;
Vous pouvez maintenir la touche Alt enfoncée pour lancer une capacité sur vous-même.;You can hold down Alt to cast an ability on yourself.;LoadingScreen, NoobTip, NoobTipMedium;
Vous pouvez rapidement mettre à niveau une capacité en maintenant la touche Ctrl enfoncée et en appuyant sur le raccourci clavier de la capacité.;You can quickly level-up an ability by holding Ctrl and pressing the ability's hotkey.;LoadingScreen, NoobTip, NoobTipMedium;
Contrairement à la plupart des sorts canalisés, Rappel peut être interrompu par des dégâts. Cela peut être utilisé pour perturber les plans de votre adversaire !;Unlike most channeled spells, Recall can be interrupted by damage. This can be used to disrupt your opponent's plans!;LoadingScreen, NoobTip, NoobTipMedium;
"Les sbires qui apparaissent ensemble sont communément appelés ""vague"".";"Minions that spawn together are commonly referred to as a ""wave.""";LoadingScreen, NoobTip, NoobTipMedium;
Chaque section de la barre de santé d'un champion représente 100 PV.;Each section of a champion's health bar represents 100 HP.;LoadingScreen, NoobTip, NoobTipMedium;
Vous pouvez faire un clic droit pour acheter et vendre des objets.;You can right click to both buy and sell items.;LoadingScreen, NoobTip, NoobTipAdvanced;
Tuer 3 vagues de Minions vaut plus d'or que de tuer 1 champion au début du jeu. Les Minions valent encore plus plus tard !;Killing 3 waves of Minions is worth more gold than killing 1 champion at the game's start. Minions are worth even more later!;LoadingScreen, NoobTip, NoobTipAdvanced;
La boutique d'objets peut être redimensionnée en faisant glisser son coin inférieur droit.;The Item Shop can be resized by dragging its bottom right corner.;LoadingScreen, NoobTip, NoobTipAdvanced;
Vous pouvez consulter l'inventaire des objets d'une tourelle pour voir de nombreux types d'effets spéciaux que les tourelles ont.;You can look at a Tower's item inventory to see many kinds of special effects that Towers have.;LoadingScreen, NoobTip, NoobTipAdvanced;
Le Dragon réapparaît 6 minutes après sa mort.;The Dragon respawns 6 minutes after its death.;LoadingScreen, NoobTip, NoobTipAdvanced;
Les tours infligent de plus en plus de dégâts à chaque coup.;Towers deal increasingly more damage with each hit.;LoadingScreen, NoobTip, NoobTipAdvanced;
Le point vert sur les portraits de vos coéquipiers indique quand leurs capacités ultimes sont prêtes !;The green dot on your teammates' portraits shows when their ultimate abilities are ready!;LoadingScreen, NoobTip, NoobTipAdvanced;
Les champions invisibles peuvent être révélés avec la trinket rouge;Invisible champions can be revealed with the Sweeping Lens and Oracle Alteration trinkets.;LoadingScreen, NoobTip, NoobTipAdvanced;
Les champions avec des attaques automatiques renforcées, comme Jax, peuvent réinitialiser leurs attaques automatiques avec ces capacités, leur permettent d’effectuer une attaque de base plus rapidement.;Champions with empowered autoattacks, like Jax, can reset their autoattacks with said abilities.;LoadingScreen, NoobTip, NoobTipAdvanced;
Les icônes de tourelle sur la mini-carte deviennent vides à mesure que leurs tourelles sont endommagées.;Tower icons on the minimap become empty as their towers become damaged.;LoadingScreen, NoobTip, NoobTipAdvanced;
Tuer le Baron Nashor accorde à votre équipe beaucoup d'or et un rappel beaucoup plus rapide qui vous permet de revenir et d'améliorer vos objets rapidement.;Slaying Baron Nashor grants your team a lot of gold and a significantly faster recall that lets you get back and upgrade your items quickly.;LoadingScreen, NoobTip, NoobTipAdvanced;
La première tour prise dans une partie rapporte de l'or supplémentaire.;The first Tower taken in a game gives out extra gold.;LoadingScreen, NoobTip, NoobTipAdvanced;
Les éliminations de champions valent plus d'or pour votre équipe si plusieurs personnes ont contribué à l'élimination.;Champion kills are worth more gold to your team if multiple people contributed to the kill.;LoadingScreen, NoobTip, NoobTipAdvanced;
Parfois, la menace d'une capacité est plus dangereuse que l'utilisation de la capacité.;Sometimes the threat of an ability is more dangerous than the usage of the ability.;LoadingScreen, NoobTip, NoobTipAdvanced;
Tant qu'il n'y a pas de serviteurs ennemis à proximité, les tours deviennent immunisées contre les dégâts réels et ne subissent que 33 % de tous les autres dégâts.;While there are no enemy Minions nearby, Towers become immune to True Damage and only take 33% of all other damage.;LoadingScreen, NoobTip, NoobTipAdvanced;
Le Carapateur perd son armure et sa résistance magique après avoir été immobilisé.;The Rift Scuttler loses her Armor and Magic Resist after being immobilized.;LoadingScreen, NoobTip, NoobTipExperienced;
Dans la boutique d'objets, vous pouvez survoler les mots soulignés pour voir plus d'informations.;In the Item Shop, you can hover over underlined words to see more information.;LoadingScreen, NoobTip, NoobTipExperienced;
Si vous flashez dans un mur, vous apparaîtrez à l'emplacement le plus proche. Utilisez-le pour gagner de la distance supplémentaire.;If you Flash into a wall, you will appear at the nearest location. Use this to gain extra distance.;LoadingScreen, NoobTip, NoobTipExperienced;
Vous pouvez lancer Flash pendant le temps d'incantation de certaines capacités, ce qui vous permet de surprendre vos adversaires.;You can cast Flash during the cast time of some abilities, letting you surprise your opponents.;LoadingScreen, NoobTip, NoobTipExperienced;
Bien qu'il n'y ait pas de dragon présent, vous pouvez voir quel type de dragon arrivera ensuite en regardant le symbole dans sa fosse.;While there's no Dragon present, you can see which kind of Dragon will arrive next by looking at the symbol in its pit.;LoadingScreen, NoobTip, NoobTipExperienced;
Certains monstres ont une résistance magique négative. Les dégâts magiques leur infligent des dégâts supplémentaires.;Some monsters have negative Magic Resist. Magic Damage deals extra damage to them.;LoadingScreen, NoobTip, NoobTipExperienced;
L’Herald revient dans le Néant à 19:30, mais s'il est en combat, il peut rester encore 20 secondes.;The Rift Herald returns to the Void at 19:30, but if it's in combat it can stay for another 20 seconds.;LoadingScreen, NoobTip, NoobTipExperienced;
Si vous vous retrouvez à attaquer un ennemi alors que vous vouliez vous tenir seul dans un buisson, le buisson dans lequel vous vous trouvez contient probablement une ward ennemie.;If you find yourself attacking an enemy when you meant to be standing alone in a bush, the bush you're in likely has an enemy ward in it.;LoadingScreen, NoobTip, NoobTipExperienced;
Les ward que vous posez avec votre trinket ne dure qu'un temps limité. Vous pouvez cliquer dessus pour voir leur durée restante.;Warding Totem and Sightstone Wards only last for a limited time. You can click on them to view their remaining duration.;LoadingScreen, NoobTip, NoobTipExperienced;
Il faut un peu plus de 30 secondes à un Sbire pour atteindre le centre de la Top Lane à partir de son apparition. Il faut un peu plus de 20 secondes pour la Mid Lane.;It takes just over 30 seconds for a Minion to reach the center of Top Lane from when it spawns. It takes just over 20 seconds for Mid Lane.;LoadingScreen, NoobTip, NoobTipExperienced;
Les wards détruites laissent derrière elles des débris. Plus ils sont brillants, plus la ward a été détruite récemment.;Destroyed Wards leave behind debris. The brighter they are, the more recently they expired.;LoadingScreen, NoobTip, NoobTipExperienced;
Vous pouvez placer des wards et boire des potions tout en canalisant un sort, tel que Rappel.;You can place Wards and drink Potions while channeling a spell, such as Recall.;LoadingScreen, NoobTip, NoobTipExperienced;
Vous pouvez regarder vos propres Sbires sur la mini-carte pour deviner où se trouvent les Sbires de votre adversaire.;You can watch your own Minions on the minimap to figure out where your opponent's Minions are.;LoadingScreen, NoobTip, NoobTipExperienced;
Laisser quelques Minions ennemis en vie dans une voie fera avancer lentement vos Minions sans que vous ayez besoin d'être là.;Leaving a few enemy Minions alive in a lane will cause your Minions to slowly push forward without you needing to be there.;LoadingScreen, NoobTip, NoobTipExperienced;
Lorsque le tableau de bord est ouvert, cliquer sur les timers des monstres en haut pour les communiquer à vos coéquipiers. Pas besoin d'appuyer sur Alt.;While you have the scoreboard open, clicking the monster timers in the top communicates them to your teammates. No need to press Alt.;LoadingScreen, NoobTip, NoobTipExperienced;
Au début du jeu, une attaque d'un groupe de 3 Sbires lanceurs de sorts inflige plus de dégâts totaux qu'une seule attaque de n'importe quel champion non équipé.;At game start, an attack from a group of 3 caster Minions deals more total damage than a single attack from any unequipped champion.;LoadingScreen, NoobTip, NoobTipExperienced;
League of Legends change fréquemment. Assurez-vous de lire régulièrement vos infobulles pour vous tenir au courant !;League of Legends changes frequently. Make sure to read your tooltips regularly to keep up to date!;LoadingScreen, NoobTip, NoobTipExperienced;
Les champions sont plus vulnérables aux attaques lorsqu'ils sont au milieu d'une action, comme attaquer un Sbire.;Champions are most vulnerable to attack when they are in the middle of an action, like attacking a Minion.;LoadingScreen, NoobTip, NoobTipExperienced;
Le baron Nashor fait beaucoup plus de dégâts à ceux qui sont derrière lui.;Baron Nashor does much more damage to those behind him.;LoadingScreen, NoobTip, NoobTipExperienced;
Attaquer un ennemi alors que vous êtes à l'intérieur des bushs vous révélera.;Attacking an enemy while you're inside brush will reveal you.;LoadingScreen, NoobTip, NoobTipExperienced;
Il est possible de se téléporter sur de nombreux objets créés par les champions. Cela inclut la lanterne de Thresh, le drapeau de Jarvan ou même les blobs explosés de Zac.;Many objects created by champions can be Teleported to. This includes Thresh's lantern, Jarvan's flag, or even Zac's exploded blobs.;LoadingScreen, NoobTip, NoobTipExperienced;
Les statistiques obtenues à partir d'un niveau de champion valent généralement plus d'or que l'or d'un champion tué.;The stats gained from a champion level is usually worth more gold than the gold from a champion kill.;LoadingScreen, NoobTip, NoobTipExperienced;
Lorsque des objets qui partagent un Passif UNIQUE sont tous les deux équipés, la meilleure partie de chaque Passif s'applique, mais les effets individuels ne se dupliquent pas.;When items that share a UNIQUE Passive are both equipped, the best part of each Passive applies, but the individual effects do not duplicate.;LoadingScreen, NoobTip, NoobTipExperienced;
Le fond d'écran classique de Jinx est une version démolie de Vi.;Jinx's classic splash background is a demolished version of Vi's.;LoadingScreen, Miscellaneous;
Un restaurant de sushis en Chine proposait autrefois des réductions en fonction du rang classé.;A sushi restaurant in China once offered discounts based on League rank.;LoadingScreen, Miscellaneous;
Il faut 3 heures et 20 minutes pour voyager de fontaine en fontaine uniquement en utilisant le flash (sans maîtrise).;It takes 3 hours and 20 minutes to travel from fountain to fountain only using flash (without masteries).;LoadingScreen, Miscellaneous;
Le BSing compétitif est ok. Le discours haineux ? Pas tellement.;Competitive BSing is fine. Hate speech? Not so much.;LoadingScreen, Behaviour;
La vie arrive. Nous avons compris. Mais pour les joueurs qui continuent de quitter le jeux, LeaverBuster infligera une pénalité.;Life happens. We get it. But for players who keep leaving games, LeaverBuster will issue a penalty.;LoadingScreen, Behaviour;
Quelqu'un a-t-il fait de bons calls ? Honorez-le après le match.;Did someone make some great calls? Honor them after the game.;LoadingScreen, Behaviour;
Un coéquipier a-t-il aidé à rendre cette partie génial ? Honorez-le après le match.;Did a teammate help make this game great? Honor them after the game.;LoadingScreen, Behaviour;
Ne laissez pas la frustration d'un autre joueur contrôler votre prochain coup.;Don't let another player's frustration control your next move.;LoadingScreen, Behaviour;
Votre coéquipier a gardé la tête froide après un mauvais départ ? Honorez-le avec GG <3;Teammate kept a cool head after a bad start? Honor them with GG <3;LoadingScreen, Behaviour;
Tout le monde rate un skill shot de temps en temps, même vous.;Everyone misses a skill shot occasionally, even you.;LoadingScreen, Behaviour;
Les erreurs sont des opportunités, vous savez. -Reignover;Mistakes are opportunities, you know. -Reignover;LoadingScreen, Behaviour;
Est-ce que quelqu'un est toxique dans le jeu ? Coupez le chat ou les pings inutiles des joueurs via le menu TAB.;Is someone flaming in game? Mute unhelpful player chat or pings through the TAB menu.;LoadingScreen, Behaviour;
Même Jinx reste calme et se concentre sur une seule chose : le Nexus ennemi.;Even Jinx keeps cool and focuses on blowing up one thing: the enemy Nexus.;LoadingScreen, Behaviour;
Les jeux peuvent devenir chauds, mais les insultes raciales n'ont pas leur place dans League.;Games can get heated, but racial slurs have no place in League.;LoadingScreen, Behaviour;
Les erreurs dans le jeu peuvent être de nouvelles opportunités. Repensez votre stratégie.;In-game mistakes can be new opportunities. Rethink your strategy.;LoadingScreen, Behaviour;
Tout le monde aime une histoire de remontée de tueur. N'abandonnez pas !;Everyone loves a killer comeback story. Don't give up!;LoadingScreen, Behaviour;
Vous ne pouvez pas jouer à un jeu d'équipe sans équipe - ne soyez pas un partant !;You can't play a team game without a team -- don't be a leaver!;LoadingScreen, Behaviour;
Utilisez des pings intelligents pour alerter vos coéquipiers des menaces. Vous gagnerez plus de parties.;Use smart pings to alert your teammates to threats. You'll win more games.;LoadingScreen, Behaviour;
Les pings intelligents gardent vos mains là où vous en avez besoin !;Smart pings keep your hands where you need 'em!;LoadingScreen, Behaviour;
Un coéquipier a-t-il gardé son sang-froid, malgré les obstacles ? Honorez-le en fin de partie.;Did a teammate keep their cool, despite the odds? Honor them at end of game.;LoadingScreen, Behaviour;
Je ne peux pas toujours toucher mes skillshots. Je ne suis qu’un humain. -GorillA;I can't always land skill shots. I'm only human. - GorillA;LoadingScreen, Behaviour;
Si un joueur se démarque, honorez-le après le match !;If a player stands out, honor them after the game!;LoadingScreen, Behaviour;
Les joueurs qui travaillent avec leur équipe débloquent des privilèges sympas, comme du butin !;Players who work with their team unlock cool privileges, like loot!;LoadingScreen, Behaviour;
Restez concentré, restez cool : vous gagnerez plus.;Keep focused, keep cool: you'll win more.;LoadingScreen, Behaviour;
Au-dessus du niveau d'honneur 3 ? Soyez honoré cette partie et obtenez un style d'écran de chargement au prochain match.;Above Honor Level 3? Get honored this game and get a loading-screen flair next game.;LoadingScreen, Behaviour;
Aucune équipe n'est parfaite, mais vous êtes toujours une équipe. Sortez et battez-vous pour gagner!;No team is perfect, but you're still a team. Get out there and fight to win!;LoadingScreen, Behaviour;
Soutenez vos coéquipiers, respectez le jeu et montez de niveau dans l’Honneur.;Support your teammates, respect the game, and level up in Honor.;LoadingScreen, Behaviour;
Rester cool sous pression demande de la pratique. Respirez profondément si vous en avez besoin.;Staying cool under pressure takes practice. Take a deep breath if you need one.;LoadingScreen, Behaviour;
Battez vous avec honneur.;Fight with honor.;LoadingScreen, Behaviour;
Vous ne pouvez pas contrôler le tempérament des autres, mais vous pouvez garder la tête froide.;You can't control other's tempers, but you can keep a cool head.;LoadingScreen, Behaviour;
Lorsqu'un coéquipier reste concentré malgré les obstacles, honorez-le pour son sang-froid !;When a teammate stays focused despite the odds, honor them for staying cool!;LoadingScreen, Behaviour;
Gardez le jeu génial. Signalez délibérément les joueurs qui agissent inutilement de façon intentionnelle.;Keep the game awesome. Report purposefully unhelpful players.;LoadingScreen, Behaviour;
Utilisez les pings pour tenir vos coéquipiers informés ou faire des suggestions.;Use pings to keep your teammates informed or make suggestions.;LoadingScreen, Behaviour;
Des parties consécutives ? Rechargez-vous avec quelques touches d'orteils.;Back-to-back games? Recharge with a few toe touches.;LoadingScreen, Behaviour;
Cela semble stupide, mais une respiration profonde peut aider à prévenir le pétage de plomb.;It sounds dumb, but a deep breath can help prevent tilt.;LoadingScreen, Behaviour;
Si quelqu'un vous met mal à l'aise dans le jeu, signalez-le.;If someone makes you uncomfortable in game, report them.;LoadingScreen, Behaviour;
Soyez impossible à tilter !;Be un-tiltable!;LoadingScreen, Behaviour;
Ne soyez pas celui qui fait tilt vos coéquipiers en risquant de faire perdre la partie.;Don't be the one to tilt your teammates and risk losing the game.;LoadingScreen, Behaviour;
Si un coéquipier ramène un match qui était au bord du gouffre, honorez-le après le match !;If a teammate pulls the game back from the brink, honor them after the game!;LoadingScreen, Behaviour;
Ce n'est parfois pas facile de rester calme, mais si vous le faites, vous gagnerez plus de matchs.;It's not easy to keep calm sometimes, but if you do, you're going to win more games;LoadingScreen, Behaviour;
Afin de prévenir le tilt, il est préférable d’être bon pour s’attendre à l’inattendu !;Part of being tilt-proof means getting good at expecting the unexpected!;LoadingScreen, Behaviour;
"""Afin"" de prévenir le tilt, il est préférable d’être bon pour s’attendre à l’inattendu !";Part of being tilt-proof means getting good at expecting the unexpected!;LoadingScreen, Behaviour;
