Name;Text;OriginalText;Tags
Freljord;Freljord est une terre inhospitalière et hostile dont les habitants sont des guerriers-nés, contraints de persévérer envers et contre tout.\n\nAussi fières qu'elles sont outrageusement indépendantes, les tribus de Freljord sont souvent considérées comme barbares et sauvages par leurs voisins de Valoran, lesquels ignorent les traditions ancestrales qui les ont façonnées. Il y a plusieurs milliers d'années, l'alliance entre les sœurs Avarosa, Serylda et Lissandra fut brisée lorsqu'une guerre menaça de ravager tout Runeterra à son insu, ce qui plongea les territoires du nord dans le chaos d'un hiver quasi permanent. De nos jours, seuls les mortels exceptionnels qui semblent immunisés contre les ravages du feu ou de la glace sont destinés, ou tout du moins capables de gouverner.;;Freljord
Freljord;Malgré les efforts des Gardiens du givre, nombre de mythes et légendes relatent encore les récits des dieux anciens, yétis étranges et autres Gardiens des esprits. Les maraudeurs de la Griffe hivernale s'aventurent chaque année un peu plus loin, tourmentant Demacia au sud et Noxus à l'est. Finalement, en quête d'une destinée meilleure, les tribus indépendantes et irascibles ont commencé l'une après l'autre à accorder leur allégeance à Ashe, la jeune reine des Avarosans.\n\nL'avenir, pourtant, n'en reste pas moins maussade. Tôt ou tard, la guerre reviendra à Freljord, et nul ne peut espérer y échapper.;;Freljord
Freljord;"Le Freljord est une terre dure et impitoyable. Fiers et farouchement indépendants, ses habitants sont des guerriers nés, avec une forte culture de raid. Bien qu'il existe de nombreuses tribus individuelles dans Freljord, les lignes de bataille sont tracées dans une guerre civile à trois clans qui déterminera leur avenir à tous. Une tribu honore sans broncher les traditions qui ont assuré sa survie ; un autre suit le rêve d'un avenir uni, prédit par uns jeune idéaliste ; tandis que le troisième vénère le pouvoir d'une sorcière énigmatique. Freljord est également le seul endroit où l'on peut trouver de la Glace Pure";"The Freljord is a harsh and unforgiving land. Proud and fiercely independent, its people are born warriors, with a strong raiding culture. While there are many individual tribes within the Freljord, the battle lines are being drawn in a three-way civil war that will determine the future of them all. One tribe unflinchingly honors the traditions that have ensured its survival; another follows the dream of a united future, as foretold by a young idealist; while the third worships the power of an enigmatic sorceress. Freljord is also the only place where True Ice can be found.";Freljord, TrueIce
Freljord;Bien avant l'arrivée des races mortelles, les demi-dieux manifestés à partir de forces surnaturelles ont formé la terre qu'ils appelaient Vorrijaard. Bien que la vérité sur la façon dont ils l'ont fait reste floue, de nombreux récits ont été transmis de génération en génération.\n\nÀ l'époque des premières tribus, une population aujourd’hui perdue depuis longtemps était connue sous le nom de Hearthblood, des apprentis qui voyageaient de tous les coins de Valoran et se rassemblaient sur les pentes de Hearth-Home pour apprendre d'Ornn, demi-dieu de la forge. Malgré cette forme de culte imitatif, Ornn ne s'est jamais considéré comme leur maitre. Il ne leur donnait que des hochements de tête ou des froncements de sourcils lorsqu'ils offraient leur travail, et pourtant les Hearthblood l'acceptaient et étaient déterminés à perfectionner leurs compétences. En conséquence, ils en sont venus à créer les meilleurs outils, à concevoir les structures les plus robustes et à brasser les bières les plus savoureuses que le monde ait jamais vues. Ils croyaient qu'Ornn approuvait secrètement leur persévérance et le fait qu'ils cherchaient toujours à s'améliorer dans leur métier. Pendant ce temps, de grandes guerres ont été menées et Volibear, demi-dieu de la destruction, de la force et de la tempête, est allé sur le terrain aux côtés de ses partisans, vêtu d'une armure runique fabriquée par son frère Ornn. À l'époque, le lien entre les frères était fort - ils se battaient souvent l'un à côté de l'autre, même si Ornn n'avait jamais eu le même désir de se battre. Volibear se délectait des victoires durement disputées et, à mesure que de plus en plus d'offrandes de sang lui étaient faites, son pouvoir augmentait.\n\nAvec le temps, ils se sont séparés, chacun se concentrant sur ses propres intérêts. Même ainsi, il n'y avait pas de véritable division entre eux... jusqu'à ce que de nouvelles idées commencent à usurper d’anciennes croyances.;Long before the arrival of the mortal races, the demi-gods manifested from supernatural forces formed the land they called Vorrijaard. While the truth about how they did it remains unclear, many tales have been passed down over generations.\n\nIn the days of the first tribes, wild magic ran rampant. The demi-gods were widely venerated and worshipped. A long-lost populace was known as the Hearthblood, apprentices who journeyed from all corners of Valoran, and gathered on the slopes of Hearth-Home to learn from Ornn, demi-god of the forge. Despite this imitative form of worship, Ornn never considered himself their patron. He would only give them curt nods or frowns when they offered up their work, and yet the Hearthblood accepted this and were determined to hone their skills. As a result, they came to create the finest tools, design the sturdiest structures, and brew the tastiest ales the world had ever beheld. They believed Ornn secretly approved of their perseverance, and the fact that they were always looking to better themselves in their craft. Meanwhile, great wars were waged, and Volibear, demi-god of destruction, strength, and the storm, took to the field alongside his followers, clad in rune-inscribed armor made by his brother Ornn. At the time, the brothers' bond was strong—they often fought at each other's side, even though Ornn never had quite the same lust for battle. Volibear reveled in hard-fought victories, and as ever more blood offerings were made to him, his power swelled.\n\nIn time, they drifted apart, each focusing on their own pursuits. Even so, there was no true division between them... until new ideas began to usurp the old beliefs.;Freljord, Volibear, Ornn
Freljord;Certains des anciens demi-dieux semblent avoir repris forme physique, leurs cultes d'adeptes devenant agités et agressifs. Le Freljord lui-même est fracturé et sans chef, et d'anciennes horreurs se cachent dans l'ombre, attendant toute occasion de frapper…;Some of the ancient demi-gods appear to have taken physical form once more, their cults of followers growing restless and aggressive. The Freljord itself is fractured and leaderless, and ancient horrors are lurking in the shadows, waiting for any opportunity to strike…;Freljord
Freljord;Hearth-Home était autrefois une grande colonie de forgerons et d'artisans inspirés par son patron Ornn, il a ensuite été involontairement détruit lorsque le demi-dieu a rencontré et combattu Volibear. Reconstruit par Ornn, il est resté retiré et isolé du reste de Freljord après la destruction du premier Hearth-Home.;Hearth-Home was once a great settlement of smiths and craftsman inspired by its patron Ornn, it was later unintentionally destroyed when the demigod encountered and fought Volibear. Rebuilt by Ornn, he has remained secluded and isolated from the rest of the Freljord after the destruction of the first Hearth-Home.;Freljord, Ornn
Freljord;L'abîme hurlant sert de gigantesque prison pour les Veilleurs. C'était le lieu de la dernière bataille qui a scellé les Veilleurs il y a plusieurs millénaires.\n\nIl existe de nombreux ponts enjambant l'abîme, tels que le Pont des Douleurs, le Pont de l'Ombre et le Pont des Perdus. À ses extrémités inférieures se trouvent True Ice et ses variantes Dark Ice.\n\nÀ des points clés de l'Abîme hurlant, de gigantesques barricades à pointes de pierre et de fer ont été installées dans les murs par le Frostguard, il y a plusieurs milliers d'années. Un jour, lorsque les Veilleurs se réveilleront, ces maigres défenses donneront peut-être un temps précieux à ceux d'en haut pour se préparer à la bataille finale.\n\nLe Hall des Neuf, situé là et construit par le Yeti, sert de barrière protectrice qui scelle les Veilleurs. Chaque année, plusieurs Frostguard descendent ses parois glacées pour se rendre au Hall des Neuf afin d'inspecter l'état des barrières.;The Howling Abyss serves as the massive chasm prison of the Watchers. It was the location of the last battle that sealed the Watchers several millennia ago.\n\nThere are numerous bridges spanning the abyss, such as the Bridge of Sorrows, Bridge of Shadow, and Bridge of the Lost. At its lower ends True Ice and its variants Dark Ice can be found.\n\nAt key points throughout the Howling Abyss, gigantic spiked barricades of stone and iron were set into the walls by the Frostguard, many thousands of years ago. One day, when the Watchers reawaken, these meager defenses may buy some precious time for those above to prepare for the final battle.\n\nThe Hall of the Nine, located there and constructed by the Yeti, serves as the protective barrier that seals the Watchers. Every year, several Frostguard climb down its icey walls to get to the Hall of the Nine in order to inspect the barriers state.;Freljord, TrueIce
Freljord;Située dans la partie nord-est de Freljord, la Citadelle de la Garde du Givre est une ancienne forteresse construite pour surveiller le gouffre sombre de l'Abîme hurlant. La Citadelle abrite également de nombreux trésors cachés et documents historiques de Freljord. Il sert de siège de pouvoir à Lissandra et à son Frostguard et de lieu de pèlerinage sacré. C'est là que Nunu a découvert le yéti nommé plus tard Willump. Cet endroit n'est accessible que par le Pont des Douleurs au-dessus de l'Abîme Hurlant.;Located in north-eastern part of Freljord, the Frostguard Citadel is an ancient stronghold built to watch over the dark chasm of the Howling Abyss, the Citadel also houses many of the Freljord's hidden treasures and historical records. It serves as Lissandra and her Frostguard's seat of power and holy pilgrimate site. This is where Nunu found out about the yeti later named Willump. It is only accessible by the Bridge of Sorrows above the Howling Abyss.;Freljord, Lissandra, Nunu
Freljord;Situé au sud de Freljord, Rakelstake était autrefois un village où vivait la tribu du derviche de glace. Aujourd'hui, il sert de lieu de pèlerinage pour les Avarosans. Une statue d'Avarosa garde l'entrée du lieu de pèlerinage. C'est là qu'Ashe et Tryndamere ont prêté serment.;Located in south Freljord, Rakelstake was once a village where the Tribe of the Ice Dervish lived. Now it serves as a pilgrimage site for the Avarosans. A statue of Avarosa guards the entrance to the pilgrimage site. This is where Ashe and Tryndamere were oathbound.;Freljord, Ashe, Tryndamere
Freljord;Da'arvong est une colonie située près des côtes. Alors qu'elle défendait sa tribu contre une attaque brutale, une jeune mère guerrière a confié à Braum la sécurité de son enfant en bas âge de la garde du givre de Lissandra.;Da'arvong is a settlement that was near the coastal shores. While defending her tribe from a brutal attack, a young warmother entrusted Braum with the safety of her infant child from Lissandra's Frostguard.;Freljord, Braum, Lissandra
Freljord;"Les Balestriders, également connus sous le nom de Vagabonds, sont une légende freljoridienne. Sombre présage, on dit que ces bêtes géantes errent dans les régions arctiques au nord de Freljord. Ayant des formes corporelles similaires à celles des girafes, leurs caractéristiques frappantes sont leurs cornes géantes ressemblant à de la glace pure, leurs yeux bleus brillants cycloptiques et leurs bras humanoïdes éparpillés sur leur corps tel de la fourrure. Des représentations de ces créatures peuvent être vues sur les nombreux ponts de l'Abîme Hurlant. Bjerg le Vagabond était le seul voyageur qui croyait avoir aperçu ces créatures de mémoire récente, bien que son expérience l'ait laissé babiller et fou. Selon Anivia, ce sont ses ""étranges ennemis"" qui ont une magie noire et corrompante du passé.";"Balestriders, also known as the Wanderers, are a Freljoridan legend. A dark omen, these giant beasts are said to roam the Arctic areas around the north of the Freljord. Having body shapes similar to giraffes, their striking features are their giant True Ice like horns, their cycloptic blue glowing eyes, and humanoid arm like protrusions scattered across their bodies like fur. Depictions of these creatures can be seen on the numerous bridges of the Howling Abyss. Bjerg the Wanderer was the only traveler that believes he has sighted these creatures in recent memory, though his experience has left him babbling and insane. According to Anivia, they are her ""strange enemies"" who have dark, corrupting magic from the past.";Freljord, Balestrider, Anivia
Freljord;Les Drüvask sont des cochons de guerre géants de Freljord. Bien qu'ils aient des poils sombres et raides couvrant leur musculature prononcée, leur fourrure est principalement blanche pour mieux s'adapter à l'environnement enneigé de Freljords. Les jeunes drüvask juvéniles sont tués pour leur viande, mais s'ils sont entraînés et laissés à maturité jusqu'à l'âge adulte, ils peuvent être utilisés comme montures de combat. L'un de ces drüvask est Bristle, la monture de Sejuani. Un drüvask adulte est assez grand pour être monté par un sublimé adulte. Ils ressemblent à un phacochère mélangé à un rhinocéros poilu, avec des défenses en forme de corne dépassant des pommettes et de la mâchoire supérieure, capables d'éperonner et d'empaler des ennemis au sol. Leurs corps sont capables de résister à la glace pure, et Bristle a plusieurs morceaux de glace pure placés sur ses épaules qui permettent au drüvask d'effectuer de petites quantités de magie de glace pure.;Drüvask are giant war-hogs of the Freljord. While they have dark wiry hair covering their pronounced musculature, their fur is mostly white to better adapt to the Freljords snowy environment. Young juvenile drüvask are used for their meat, but if trained and left to mature to adulthood they can be used as battle mounts. One such drüvask is Bristle, Sejuani's mount. An adult drüvask is large enough to handle an adult Iceborn. They resemble a wart-hog mixed with a hairy rhinoceros, with horn-like tusks protruding from the cheekbones and upper jaw, able to ram and impale grounded enemies. Their bodies are able to withstand true ice, as Bristle has several true ice pieces placed on his shoulders which enable the drüvask to perform small amounts of true ice magic.;Freljord, Druvask, Sejuani
Freljord;Les Elnüks sont de grands buffles hirsutes ressemblant à des herbivores mammifères quadrupèdes. Unique sur les terres de Freljord. Les Elnüks vivent généralement en grands groupes appelés troupes. Les bergers rassemblent leur troupe pour paître sur les pentes pendant les saisons les plus chaudes. Ils ont des manteaux de fourrure épais qui existent dans différentes nuances de brun et de blanc. Ces manteaux sont cisaillés et tissés en vêtements chauds et autres textiles par les Freljordiens. Outre leurs épais manteaux, les Elnüks sont généralement une source principale de viande ainsi que la principale monnaie de nombreuses tribus. Ils sont également utilisés pour l'équitation. Les jeunes Elnüks ont de petits manteaux duveteux et le début de ce qui deviendra plus tard leurs cornes et leurs défenses lorsqu'ils atteindront l'âge adulte. Les Elnüks mâles adultes ont de grandes cornes tourbillonnantes et des défenses incurvées, tandis que les Elnük femelles adultes n'ont que des défenses.;The Elnüks are large shaggy buffalo like quadrupedal mammalian herbivores. Unique to the lands of the Freljord. Elnük usually live in large groups known as troops. Shepherds herd their troop to graze on the slopes during the hotter seasons. They have thick fur coats that can come in various shades of brown and white. These coats are sheared and woven into warm clothing and other textiles by the Freljordians. Beside their thick coats, the Elnüks are usually a primary source of meat well as the main currency of many tribes. They are also used for riding. Young Elnük have small fuzzy coats and the beginnings of what would later be their horns and tusks when they reach adulthood. Adult Male Elnük, or bulls, have large swirling horns and curved tusks, while adult female Elnük are only have tusks.;Freljord, Elnuk
Freljord;Les Krugs sont une fusion magique de la flore, de la faune et de la roche originaire de Valoran, trouvée à Freljord. Malgré son apparence de roche, son comportement ressemble beaucoup à celui d'un animal rappelant un ours, un loup ou un scarabé. La créature est alimentée par la magie de la nature. ;Krugs are magical fusion of flora, fauna, and rock native to Valoran, found in Freljord. Despite its rock like appearance, its behavior is very much of an animal reminiscent of a bear, wolf, or a bettle. The creature is powered by nature magic. Larger forms of this creature are called Ancient Krugs.;Freljord, Krug
Freljord;Les mammouths sont des mammifères herbivores géants de Freljord. Ils sont généralement équipés de longues défenses incurvées, de grandes trompes et d'une couverture de poils longs. Alors que les mammouths sont parfois chassés pour leur viande et leurs os, la plupart des guerriers freljordiens commencent à les apprivoiser lorsqu'ils sont jeunes et les montent comme des montures de combat. Les cavaliers de mammouths sont très respectés et craints, en raison de la taille de leur monture et de leur caractère mortel. Les mammouths peuvent également être utilisés pour déplacer de grandes quantités de marchandises, ainsi que des navires sur un terrain glacé et lisse.;Mammoths are giant mammalian herbivores of the Freljord. They are commonly equipped with long, curved tusks, large trunks, and a covering of long hair. While mammoths are sometimes hunted for their meat and bones, most freljordians warriors start taming them when they are young and ride them as battle mounts. Mammoth riders are well respected and feared, due to their mounts size and deadliness. Mammoths can also be used to move large amount of cargo, as well as ships on smooth icey terrain.;Freljord, Mammoth
Freljord;"Les Poros sont de magiques créatures mystérieuses très appréciées apparemment originaires de Freljord. Ils se sont depuis répandus dans tout Runeterra, étant présents sur tous les continents connus, dans toutes les régions et nations.\n\nLes Poros sont à parts égales vérité, valeur et innocence. La couleur de leur fourrure est décrite comme ""bleu très clair, comme la neige freljordienne"". Ils ont un ventre en forme de cœur parce qu'ils sont faits d'amour. Les cornes d'un Poro se redressent lorsqu'il est excité et s'affaissent lorsqu'il a peur. Les Poros pagaient dans la neige profonde avec leurs pattes avant. Certains pensent que les poros sont indestructibles. Les Poros tirent la langue parce qu'ils sont incroyablement chauds. C'est pourquoi ils peuvent survivre à l'environnement froid et rigoureux de l'Abîme hurlant. Les Poro-Snax sont givrés de cristaux de glace de Freljordian et sont un régal préféré de cette créature. Le chef des Poros est connu sous le nom de Roi des Poros.\n\nEn raison d'actes héroïques récents, Braum est un ami des Poros.\n\nVel'Koz affirme que l'intelligence des gens diminue en présence de ces créatures.\n\nPour de nombreux freljordiens fatigués de leur environnement, leur plus grand désir est de se retirer dans des pâturages plus verts et de devenir un éleveur de Poro.\n\nAzir prétend que Poros n'était pas connu à Shurima dans sa première vie.";Poros are the mysterious, magical, and much-loved creatures seemingly originating from the Freljord. They have since spread across all of Runeterra, being present on every known continent, in every region and nation.\n\nThe Poros are equal parts truth, valor, and innocence. The colour of their fur is described as “very light blue, like Freljordian snow”. They have a heart-shaped underbelly because they're made of love. A poro's horns perk up when it's excited and droop down when it's scared. Poros paddle through deep snow with their front paws. Some believe that poros are indestructible. Poros stick their tongue out because they are incredibly warm. This is why they can survive the harsh cold environment of the Howling Abyss. Poro-Snax are frosted with Freljordian ice crystals and are a favourite treat of this creature. The leader of the Poros is known as the Poro King.\n\nDue to recent heroic deeds, Braum is a friend to the poros.\n\nVel'Koz claims that the intelligence of people drops in the presence of these creatures.\n\nFor many weary inhabitants of the Freljord, their biggest desire is to retire to greener pastures and become a Poro herder.\n\nAzir implies Poros weren't known in Shurima in his first life.;Freljord, Poro, Braum, VelKoz, Azir
Freljord;Il existe de nombreux types de loups qui vivent à Freljord.\nLes loups typiques trouvés à Freljord sont les loups gris. Ils chassent généralement les lièvres ou d'autres animaux plus petits. Les loups Rimefang ont pour particularité d’avoir leur fourrure blanche gelée par la glace et leurs yeux bleus brillants. Ces carnivores chassent tous les traînards dans le rude climat hivernal.;There are many types of wolves in that live in the Freljord.\nTypical wolves found in the Freljord are the grey wolves. They usually hunt hares or other smaller animals.\nA type of wolves that live in the northern parts of the Freljord. The distinct feature of these wolves is their white fur that's frozen over by ice and their glowing blue eyes. These carnivores hunt any stragglers in the harsh winter climate.;Freljord, Wolf
Freljord;Anciens et nobles bâtisseurs de civilisation, les Yétis habitent Freljord. Il existe une race qui vivait autrefois en harmonie avec d'autres créatures, comme les Yordles. Leur intelligence et leur sagesse étaient totalement liées à leur magie. Cependant, Lissandra a déclenché un cataclysme glacial qui a décimé la civilisation Yeti et a privé les Yeti de leur magie, entraînant la plupart des Yeti dans la sauvagerie. Bien que de nature pacifique, la plupart des yétis protègent leur propre espèce et peuvent utiliser la violence si nécessaire pour se défendre. Willump diffère grandement de ses homologues yéti à la fois par son apparence et ses prouesses magiques. Il était le seul à rester fidèlement et avec zèle à garder le peu qui restait de la magie yéti, un joyau qui tourbillonnait avec les rêves gelés de tout esprit mortel à proximité. Bien que sa tâche signifiait qu'il devait trouver un vaisseau digne pour la magie restante, les humains qui venaient dans son repaire n'avaient que la malice et la cupidité dans leurs cœurs. Jusqu'au jour où un petit garçon a donné à Willump ce dont il avait vraiment besoin, un ami. ;Ancient and noble civilization-builders, the Yeti inhabit the Freljord. There are a race that once lived in harmony with other creatures, like the Yordles. Their intelligence and wisdom were utterly connected to their magic. However, Lissandra unleashed an icy cataclysm which decimated the Yeti civilization and robbed the Yeti of their magic, resulting in most Yeti descending into savagery. While peaceful in nature, most yeti are protective of their own kind and can use violence if necessary for defence. Willump greatly differs from his yeti counterparts both in appearance and magical prowess. He was the only one that remained faithfully and zealously guarding the little that remained of the yeti magic, a gem that swirled with the frozen dreams of any mortal mind nearby. Though his task meant he had to find a worthy vessel for the remaining magic, the humans who came to his lair had only malice and greed in their haerts. Until one day, a small boy gave Willump what he truly needed, a friend. Giving the remaining magic to the boy, the Yeti and his newfound friend parted, searching to become heroes.;Freljord, Yeti, Lissandra, Nunu
Freljord;Les Grellfeen ressemblent à des géants serpents de givre originaires des eaux salées glacées du nord de Freljord, en particulier de la région de la mer de glace près des terres d'Ursine. Ils ont une rangée de dents acérées comme une épée utilisées pour déchirer la chair. Comme les serpents de givre, ils ont une peau épaisse et pointue qui leur permet de survivre aux basses températures. Contrairement à leurs proches, le grellfeen peut atteindre une taille énorme, étant capable de frapper tout son corps sans membres autour d'un navire freljordien. Ils ont de grands yeux injectés de sang et des narines avant. Les Ursines chassent généralement ces animaux pour le sport et la nourriture, bien que certaines tribus aient également été vues les chasser lorsque les temps sont désespérés. Leur viande peut être découpée en gros morceaux et transportée par bateau jusqu'à la côte.;Grellfeen are giant frost-like serpents originating from the northern icey salt waters of the Freljord, specifically the Ice Sea area near the Ursine Lands. They have a row sword sharp teeth used for ripping of flesh. Like the frost serpents, they have a thick sharp hide that enables them to survive low temperatures. Unlike their relatives, the grellfeen can grow to an enormous size, being able to rap its entire limbless body around a Freljordian ship. They have large bloodshot eyes and front nostrils. The Ursine usually hunt these animals for sport and food, although some tribes have also been seen hunting them when times are desperate. Their meat can be carved into large chunks and transported by boat to the coast.;Freljord, Grellfeen
Freljord;Les serpents de givre sont des bêtes redoutées originaires de Freljord, en particulier de Lokfar. Ils ont des dents de devant acérées, presque cristallines, et de grands yeux en forme de disque situés dans la moitié inférieure de leur tête. Ils ont une peau épaisse et pointue qui leur permet de survivre à de basses températures. Ils tirent leur nom de leur couleur, qui évoque un aspect givré.;Frost serpents are feared beasts that originate from the Freljord, specifically Lokfar. They have sharp, almost crystal like front teeth and large disk shaped eyes located at the bottom half of their head. They have a thick sharp hide that enables them to survive low temperatures. They got their name from their color, which invokes a frosty appearance.;Freljord, FrostSerpent
Freljord;"Les Freljordiens sont un peuple toujours divisé. Les tribus se battent pour la domination du peu de ressources qu'elles peuvent trouver. En conséquence, les Freljordiens apprécient profondément les valeurs de la guerre, les liens créés dans la bataille et les cicatrices de guerre, qui sont connues comme un signe de force, de courage et d'expérience de combat. Une personne ne peut avoir une mort épanouissante que les yeux ouverts.\nTout au long de l'histoire des nations, le seul exemple connu d'union du peuple Freljordien était à l'époque des ""Trois Sœurs"" connues sous le nom d'Avarosa, Serylda et Lissandra. Pendant ce temps, les trois sœurs et leurs alliés humains les plus proches ont reçu l'immortalité des Veilleurs et sont devenus connus sous le nom de Sublimés (le sens du mot a changé avec le temps, car certains des Sublimés originaux ne correspondaient pas au sens actuel du mot, même si c’était le cas pour la plupart, y compris les Trois Sœurs). Une fois les Veilleurs vaincus, la plus grande partie de l'histoire de Freljord a été réécrite, la vérité gardée secrète par les Gardes du Givre et leur dirigeant presque immortel. Cependant, certaines vérités ont persisté pendant des millénaires sous forme de légendes et de contes, transmis par les conteurs et les bardes.";"The Freljordians are an ever divided people. Tribes fighting for dominance for what little resources they can find. As a result, Freljordians deeply value battle, battle kins and battle scars, which are known as a sign of strength, courage and battle experience. A person can only have a fulfilling death with the eyes open.\nThroughout the nations history, the only known instance of its people uniting was at the time of the ""Three Sisters"" known as Avarosa, Serylda, and Lissandra. During that time, the three sisters and their closest human allies received immortality from the Watcher and became known as Iceborn (the word's meaning changed over time, as some of the original Iceborn didn't fit in the current meaning of the word, even though most, including the Three Sisters, did). With the Watchers defeated, most of Freljord's history was rewritten, the truth kept secret by the Frostguard and their nearly immortal ruler. However, some truths lingered on for millennia as legends and tales, pass down by storytellers and bards.";Freljord, Lissandra, Iceborn
Freljord;"Alors que la nation est composée de nombreuses tribus, les plus importantes d'entre elles sont les Avarosan, les Winter's Claw et les Frostguard. Les tribus sont gouvernées par les trois Matriarches respectives : Ashe, l'Archer du Givre ; Sejuani, Fureur du Nord ; et Lissandra, la sorcière de glace.";"While the nation is comprised of numerous tribes, the largest among these are the Avarosan, the Winter's Claw, and the Frostguard. The tribes are ruled by the three respective Matriarchs: Ashe, the Frost Archer; Sejuani, Fury of the North; and Lissandra, the Ice Witch.";Freljord, Ashe, Sejuani, Lissandra
Freljord; Au cours de son histoire, les Freljordiens ont créé leurs propres dictons :\n\n    - __Ne marchez pas sur la glace qui craque déjà__ - Vieux dicton utilisé par les Avarosans de Grena signifiant qu'il ne faut pas compter sur quelque chose qui est défectueux au départ.\n    - __Cours Volund, Cours__ - Expression utilisée pour encourager quelqu'un à fuir le danger.\n    - __(Mourir) les yeux ouverts__ - Expression signifiant « Mourir d'une bonne mort ». Il célèbre le combat sans peur et avec ténacité jusqu'au bout, surtout face à certains obstacles.\n    - __La glace n'est pas la douleur, c'est l'abandon__ - La prière de Lissandra que font les prêtres du givre.\n    - __Le fort doit tenter l'impossible__ - Mots prononcés par Sejuani qui ont ensuite été utilisés par Ashe comme l'un des fondements de son idéologie.;Over the course of its history, Freljordians have created their own sayings:\n\n    - Don't step on ice that already cracks - Old saying used by Grena's Avarosans meaning not to rely on something that is faulty to begin with.\n    - Run Volund, Run - Expression used to encourage someone running from danger.\n    - (To die) with your eyes open - Expression meaning “To die a good death”. It celebrates fighting fearlessly and tenaciously to the very end, especially in the face of certain odds.\n    - The ice is not pain, It is surrender - Lissandra's prayer that Frost Priests go by.\n    - The strong must try the impossible - Words uttered by Sejuani that were later used by Ashe as one of the foundations for her ideology.;Freljord
Freljord;S'il y avait un mot qui décrivait le mieux l'architecture freljordienne, ce serait durable. Les maisons freljordiennes sont construites pour résister aux hivers rigoureux. La plupart des maisons tribales ont des toits qui se connectent directement au sol. Des huttes simples aux longues maisons somptueuses, l'architecture freljordienne moderne utilise une variété de matériaux en bois et en pierre. L'ancienne architecture freljordienne était construite en pierre et autres objets magiques tels que des runes ou de la glace pure.;If there was a word that would best describe Freljordian architecture, it would be enduring. Freljordian houses are built to withstand harsh winters. Most tribal homes have roofs that connect directly with the ground. From simple huts, to lavish long houses, modern Freljordian architecture uses variety of wood and stone material. Ancient Freljordian architecture was built of stone and other magical objects such as runes or true ice.;Freljord
Freljord;Les vêtements freljordiens sont principalement conçus pour résister aux environnements hostiles de cette terre. Les guerriers sont pour la plupart vêtus d'armures et de cuir, d'autres torse nu pour montrer leur résistance au froid. Les tatouages freljordiens sont conçus avec des motifs géométriques simplistes et sont principalement portés par les guerriers comme symbole de force. Tous les Freljordiens portent un certain niveau de fourrure ou de tissu isolant. Les Sublimés et leurs descendants sont capables de résister à des températures plus basses, de telle sorte que certains d'entre eux peuvent être vus portant très peu ou pas de tissus isolants.;Freljordian clothing is mostly made to withstand the harsh environments of the land. Warriors are mostly clad in armor and leather, other bare chested to show off their hardiness to the cold. Freljordian tattoos are designed simplistic geometric patterns and mostly worn by warriors as a symbol of strength. All Freljordians wear some level of fur or insulated fabric. Iceborn and their descendants are able to withstand lower temperatures so some of them can be seen wearing very little or no insulating fabrics.;Freljord, Iceborn
Freljord;Les dieux de Freljord sont des manifestations physiques de forces surnaturelles sous la forme d'animaux spirituels et chacun a été conçu à partir d'une force transcendantale qui les lie comme des frères et sœurs. Ils peuvent avoir différentes formes (qui peuvent exister simultanément) à travers Runeterra et ont souvent un aspect différent mais se connectent toujours à la même source d'énergie. Tahm Kench pourrait être une forme de demi-dieu freljordien. Cependant, à Freljord, la plupart de ces esprits divins se sont estompés dans l'obscurité au fil des éons, alors que Freljord s'est dissous en factions belligérantes et en éclats tribaux.\n\nLà où certaines légendes sont encore partagées, ces histoires ont été mal interprétées bien au-delà de toute vérité remémorée et, à plusieurs reprises, des compatriotes de Freljord se sont engagés dans un conflit brutal à propos de leur conjecture religieuse, des bagarres de bars ivres aux guerres sans merci. Désormais, les seuls demi-dieux dont on se souvient sont ceux qui interagissent encore activement avec leurs adorateurs.;The Freljordian gods are physical manifestations of supernatural forces in the form of spiritual animals and each were conceived from some transcendental force that bonds them together like siblings. They may have different forms (which may exist simultaneously) across Runeterra and often look differently but still connect to the same source energy. Tahm Kench may be a form of a Freljordian demigod. However, in Freljord, most of these divine spirits have faded into obscurity over the eons, as the Freljord has dissolved into warring factions and tribal splinters.\n\nWhere some legends are still being shared, those stories have been misinterpreted far beyond any recollected truth and many times have fellow Freljordians engaged in brutal conflict over their religious conjecture, from drunken bar brawls to merciless wars. Now the only demi-gods to be remembered have been those few who still actively interact with their worshipers.;Freljord, TahmKench
Freljord;Parmi les dieux de Freljordian, seul Volibear est connu pour influencer activement ses adorateurs, bien que d'autres esprits comme Ornn, Anivia, The Seal Sister ou The Boar-God ont encore une certaine influence sur les gens. Alors qu'un grand changement s'annonce, certains d'entre eux commencent à reprendre une forme physique.\n\nLes Freljordiens croient également au mythe de Kindred, bien que la représentation visuelle puisse varier. L'agneau et le loup sont leur représentation dans le mythe freljordien du sud. Certaines versions nordiques font ressembler l'agneau à un bébé elnuk. Lorsqu'une personne meurt, on pense qu'elle se rend dans l'au-delà. Parfois, lorsqu'un individu est ramené de la mort physique, il est doté d'un certain pouvoir des anciens dieux, comme être immunisé contre le froid tel un Sublimé. On pense que ces individus portent la volonté des dieux dans le royaume des mortels.;Of the Freljordian gods, only Volibear is known to actively influence their worshippers, though other Spirits that still have certain influence on people are Ornn, Anivia, The Seal Sister and The Boar-God. As a great change is coming, some of them are starting to take physical form once more.\n\nFreljordians also believe in the myth of Kindred, though the visual representation may vary. The Lamb and Wolf is their depiction in southern Freljordian myth. Some northern versions make lamb more baby elnuk like. When a person dies, they are believed to go to the Realm Beyond. Sometimes, when an individual is brought back from physical death, they are blessed with some power of the old gods, such as being immune to the cold like an Iceborn. These individuals are believed to carry the gods' will to the mortal realm.;Freljord, Volibear, Ornn, Anivia, Kindred
Freljord;À Freljord, la fête des vendanges est la plus grande fête de l'année, qui a lieu juste avant l'hiver. Les Freljordiens se rassemblent autour des pubs, des tavernes et des maisons longues pour célébrer une nouvelle année de récolte.;In Freljord, the Harvest Festival is the largest celebration of the year, which happens right before Winter. Freljordians gather around pubs, taverns, and longhouses to celebrate another year of harvest.;Freljord
Freljord;"Le Freljord est principalement structuré de manière matriarcale non héréditaire. Les tribus sont dirigées par une mère de guerre; les rangs sous elle peuvent inclure les éléments suivants : les liens de sang, les peaux d'acier, les chefs de griffes, les sœurs, les marcheurs de glace, les esclaves, les champions (plusieurs maris qui sont les plus coriaces de la tribu), les chamans alliés, les parents des tribus perdues, les clans apparentés, etc.\n\nFreljord est devenue une terre de conflits sans fin depuis l'époque des Trois Sœurs. Les chefs tribaux se battent pour les ressources, les alliances et les territoires.";"The Freljord is mostly structured in a non-hereditary matriarchal fashion. Tribes are led by a warmother; ranks under her may include the following: bloodkin, steelskins, claw leaders, sisters, icewalkers, thralls, champions (several husbands who are the toughest in the tribe), allied shamans, lost tribe relatives, related clans, and more.\n\nFreljord has become a land of endless conflict since the time of the Three Sisters. Tribal leaders fight for resources, alliances, and territories.";Freljord
Freljord;Les hommes sont censés être des guerriers et des protecteurs à Freljord. Être «viril», c'est sauter dans le danger, être courageux face à une mort presque certaine, ne jamais hésiter par peur, se lancer dans la bataille sans se soucier de sa propre sécurité et, finalement, protéger sa famille à tout prix. Braum en est un excellent exemple. Sa réputation de protecteur de sa tribu est plus importante que ce qu'il a vaincu au combat ou ce qu'il a conquis, ce qui le rend extrêmement désirable et extrêmement respecté.;"Men are supposed to be warriors and protectors in the Freljord. Being ""manly"" is about jumping into danger, being brave in the face of almost certain death, never hesitating out of fear, charging into battle without concern for your own safety, and ultimately protecting your family at all costs. Braum being a prime example. His reputation as a protector of his tribe is more important than who he has defeated in battle or what he has conquered, and this makes him extremely desirable and extremely well respected.";Freljord, Braum
Freljord;Les mères et les enfants sont considérés comme les éléments les plus importants de cette société, particulièrement doués pour la magie. Il est peu probable que l'avenir d'une personne et l'avenir de son clan soient déterminés par la possession d'un château ou de terres agricoles, mais il est très probable qu'avoir quelque peu d'enfants en plus (en particulier ceux qui sont Iceborn, skinwalkers ou autres) procurera davantage de guerriers/défenseurs en tant que potentiels alliés . Avoir et élever des enfants là-bas est extrêmement difficile, et les enfants sont valorisés au-dessus de toutes les autres vies, en particulier les enfants dotés de dons magiques.\nC’est pour cela que c’est une société entièrement consacrée aux liens familiaux formalisés. Au lieu d'être un contrat sur la terre et la propriété, les Freljordiens vivent sous des contrats d'obligation et d'appartenance familiale. Le serment que quelqu'un prête est une déclaration de fidélité à la sécurité de la personne sous laquelle il a prêté serment et, surtout, à ses enfants. Plusieurs épouses et/ou maris peuvent être compris dans des alliances contre cet environnement difficile. Prendre une autre femme comme sœur et partager votre mari peut être le meilleur pari pour la survie de votre famille. Prendre une autre épouse peut être le meilleur moyen de protéger vos enfants et l'avenir de votre épouse précédente si vous mourez au combat. Vous voulez faire partie d'une grande famille et vous voulez prouver votre valeur à cette famille.;All of this ultimately is because mothers and children are considered the most important elements in that society, specially magically gifted ones. A person's future and the future of their clan is unlikely to be determined by owning a castle or farmlands, but it is very likely that having few more children (especially those who are Iceborn, skinwalkers, or other) will make potential warriors/defenders allied. Having and raising children there is extremely hard, and children are valued above all other lives, especially children with magical gifts. Sex and sexuality isn't that important-- except when it is designed to have children (and only when the tribe can support having more children). Because of that it became a society completely devoted to formalized family bonds. Instead being a contract about land and property, the Freljordians live under contracts of obligation and family membership. The oath someone gives is a statement of fealty to the safety of the person they oathbouded under and most importantly their children. Multiple wives and/husbands can be understood as alliances against this harsh environment. Taking another woman as sister and sharing your husband can be the best bet for your family's survival. Taking another wife can be the best way protect your children and previous wife's future if you die in battle. You want to be a part of big family and you want prove your worth to that family.;Freljord
Freljord;Lorsqu'une tribu n'a pas de Mère Guerrière, c'est généralement réglé entre les candidats. Une femme de la tribu se mettra en avant généralement. Souvent, comme il s'agit de liens de parenté, cela se règle pacifiquement ou par un duel non mortel. Les membres de la tribu en désaccord pourraient s'offrir à une autre tribu en tant que membres de la tribu ou esclaves. Il n'est pas rare qu'un homme dirige une tribu s'il manque de guerrières magiques féminines, mais c'est considéré comme une position précaire et souvent une solution à court terme. C’est le cas car vous ne pouvez pas être sûr qu'il aura des enfants dotés de magie. Si le chef masculin est fort (et doté de magie), il recherchera généralement une forte mère guerrière, ou un skarthane pour prêter allégeance également - ainsi la tribu dans laquelle il se trouve deviendra le clan d’une tribu plus grande.;When a tribe lacks a Warmother, it is usually settled between the candidates. Another woman from the tribe will usually step forward. Often as it is blood relatives, this is settled peacefully or with a non-lethal duel. Unhappy members of the tribe might offer themselves to another tribe as kin or thralls. It's not uncommon for a male to lead a tribe if they lack any female magical warriors-- but it's considered a tenuous position, and often a short-term solution. Because you can't be sure he will have magical children. If the male leader is strong (and magical) he will usually look for a strong warmother, or skarthane to pledge his allegiance too-- thus the tribe he is in will become a clan under a larger tribe.;Freljord
Freljord;Le mariage à Freljord consiste à jurer de protéger les enfants de quelqu'un. Les mariages compliqués/particuliers sont fréquents. Un homme peut être marié à deux femmes (et ainsi prêter serment à elles et à leurs enfants) si les deux femmes ont également prêté serment d'être sœurs (deux protègent les enfants de l'autre). Et l'une de ces femmes pourrait aussi être mariée à un autre homme. etc ... Il est également important de noter que le mariage à Freljord implique le droit d'avoir des enfants ensemble - mais être assermenté à quelqu'un ne signifie pas toujours avoir des relations sexuelles avec eux - il s'agit plutôt de protéger les personnes qui vous sont chères dans cette terre dure.;Marriage in the freljord is about swearing to protect someone's children. Complicated marriages are common. A man might be married to two women (And thus sworn to them and their children) if the two women also made oath to be sisters (two protect each other's children). And one of those women might be married to another man too. etc... It also important to note that marriage in the freljord implies the right to have children together-- but being sworn to someone does not always mean actually ever having sex with them-- its about protecting the people you care about in a harsh land.;Freljord
Freljord;Un skarthane est un serviteur de haut niveau d'une Warmother. Les cicatrices reflètent que l’on a mérité notre rang au combat et qu'on l’on nous fait confiance pour diriger des guerriers sans supervision pendant de longues périodes. Il s’agit la plupart du temps du chef de clan au sein d'une tribu.;A skarthane is a high level retainer to a Warmother. Scars reflects you've earned your rank in battle, and are trusted to lead warriors without supervision for long periods. Sometimes the leader of a clan within a tribe. Somewhere in the grove to markus level of European traditions.;Freljord, Skarthane
Freljord;Vedmah est un rôle/capacité qui existe à travers les tribus et les factions (Lissandra en possède beaucoup). Ce sont des guerriers oracle ou voyant qui pratiquent la divination grâce à des moyens magiques. La nature de leur seconde vue peut varier.;Vedmah is a role/ability that exists across tribes and factions (Lissandra has many of them). They are warriors that are also an oracle or seer who divines through magical means.. The nature of their second sight can vary.;Freljord, Vedmah, Lissandra
Freljord;Un Prêtre du givre est un membre de rang inférieur du culte de Lissandra (à peu près équivalent à un moine de campagne). Techniquement, ce sont des Gardiens du Gêle, mais ce terme est principalement utilisé pour décrire des guerriers de rang supérieur qui gardent la ville sainte. Ce sont des guérisseurs et des outils de surveillance déployés par Lissandra pour surveiller chaque tribu et maintenir la domination religieuse. Leur serment est destiné uniquement la foi du froid sans fin et de Lissandra. Ils ont la capacité de sentir chaque fois que quelqu'un ment. Les habits noirs et les toges noires sont des termes d'argot courants pour les prêtres du givre.;A Frostpriest a low ranking member of the Lissandra's cult (roughly equivalent to country friar). Technically they are Frostguard, but that term is mostly used to describe higher ranking warriors which guard the holy city. They are healers and surveillance tools deployed by Lissandra to keep watch over every tribe and maintain religious dominance. Their oath is to and only to, the faith of endless cold and Lissandra. They have the ability to smell whenever someone lies. Black Cloak & Black Clads are common slang terms for Frost Priests.;Freljord, Frostpriest, Lissandra
Freljord;Une Battlemaiden est une jeune femme qui sert de serviteur assermenté à une guerrière senior. Ce service dure généralement jusqu'à ce que la jeune femme atteigne la majorité ou prouve sa dignité à monter de rang, moment auquel elle peut être nommée Battlesister. Ceci implique une relation de type nièce, fille ou sous tutelle.;Battlemaiden is a young woman who serves as a sworn retainer to a senior female warrior. This service generally lasts until the young woman comes of age or otherwise proves herself as worthy, at which time she may be named as Battlesister. Implies niece, daughter or ward type of relationship.;Freljord, Battlemaiden
Freljord;Une Battlesister est une femme qui a prêté serment de sang avec une Warmother ou une autre guerrière senior. Ce titre dénote généralement une relation plutôt qu'un rang, mais implique un rang par association et est généralement attribué à des thanes de très haut rang.;Battlesister is a woman who has a sworn blood oath with a Warmother or another senior female warrior. This title commonly denotes a relationship rather than rank, but implies rank by association, and is typically bestowed on very high-ranking thanes.;Freljord, Battlesister
Freljord;Les Avarosan sont ceux qui sont fidèles à Ashe. Pendant que d'autres se battent, Ashe travaille jour et nuit pour établir une alliance unique dans tout Freljord. Cette tribu est une agglomération de plusieurs tribus progressistes qui croient en la diplomatie à travers les enseignements d'Avarosa. Ils habitent principalement dans les régions légèrement plus chaudes et de nombreuses colonies sous leur bannière sont agraires. Bien que les méthodes d'Ashe soient pacifiques, elle est toujours soutenue par une armée puissante et engagée. Ashe a de nombreux alliés à ses côtés tels que : Anivia, Braum, Gragas et Tryndamere.;The Avarosan are those whom are loyal to Ashe. While others war, Ashe works day and night to establish a single alliance throughout the Freljord. They are an agglomeration of progressive tribes that believe in diplomacy through the teachings of Avarosa. They dwell mostly in the slightly warmer regions, and many settlements under their banner are agrarian. Though Ashe's methods are peaceful, she is still backed by a powerful and committed army. Ashe has many tribes allied with her and several people such as: Anivia, Braum, Gragas, and Tryndamere.;Freljord, Avarosan, Ashe, Anivia, Braum, Gragas, Tryndamere
Freljord;La tribu de la Griffe d'hiver est dirigée par la féroce Sejuani. Sejuani souhaite conquérir Freljord par la force absolue. À ses yeux, Freljord est un endroit où seuls les plus forts méritent de prospérer. Guerriers et traditionalistes, ils recueillent de la nourriture et des provisions dans les hautes plaines, les forêts et les voies navigables du nord pendant l'été. Pendant les mois d'hiver, ils survivent en faisant des raids vers le sud sur les mers couvertes de glace. Lors des raids de Sejuani, ses guerriers permettent aux fidèles de vivre sous sa bannière pendant qu'ils pillent les tribus les plus faibles, les laissant sans moyens de subvenir à leurs besoins. Une fois son travail terminé, seuls les puissants resteront à Freljord. Sejuani a de nombreux alliées à ses côtés tels que : Olaf, Udyr et Volibear.;The Winter's Claw tribe is led by the ferocious Sejuani. Sejuani wishes to conquer the Freljord through absolute strength. In her eyes, the Freljord is a place where only the strong deserve to prosper. Warlike and traditionalist, they gather food and supplies from the high plains, forests, and northern waterways during the summer. In winter months, they survive by raiding southwards over the ice-covered seas. As Sejuani raids, her warriors allow the stalwart to live under her banner while they pillage the weaker tribes, leaving them without the means to sustain themselves. Once her work is done, only the mighty will be left in the Freljord. Sejuani has many tribes allied with her and several people such as: Olaf, Udyr, and Volibear.;Freljord, WintersClaw, Sejuani, Olaf, Udyr, Volibear
Freljord;Les Guardiens du Givre vivent cachés sous un hiver éternel, au plus profond des ruines de l'ancien Freljord. Ils vivent parmi les ruines antiques à l'extrême nord, protégeant leur chef Lissandra alors qu'elle veille sur l'Abîme Hurlant. Un culte entouré de secret, les guardiens du givre archivent toute l'histoire archaïque de Freljords. Bien qu'apparemment pacifique, la vérité sur l'allégeance du Guardien du givre est bien plus troublée. Le monde avait oublié le terrible ennemi qui régnait sur Freljord il y a longtemps et fut jeté dans les profondeurs de l'Abîme hurlant après une longue et brutale bataille. Et ce jour encore, Lissandra tient les Veilleurs à distance et complote pour régner sur tout Runeterra. Même ainsi, les missionnaires et les guérisseurs du culte sont courants dans tout Freljord. Les trolls et leur roi, Trundle, se sont alliés à Lissandra, alors que Nunu vivait temporairement parmi les guardiens du givre.;The Frostguard dwell hidden beneath an eternal winter, deep in the ruins of the ancient Freljord. They live among the ancient ruins to the far north, protecting their leader Lissandra as she watches over the Howling Abyss. A cult shrouded in secrecy, the Frostguard archive of all Freljords archaic history. Though seemingly peaceful, the truth of the Frostguard's allegiance is far more disturbed. The world had forgotten the terrible enemy that ruled the Freljord long ago and was cast into the depths of the Howling Abyss following a long and brutal battle. And now, whilst the ignorant sleep, Lissandra keeps the Watchers at bay and plots to rule over all of Runeterra. Even so, missionaries and healers from the cult are common throughout the Freljord. The trolls and their king, Trundle, have allied themselves with Lissandra, while Nunu temporarily lived among the Frostguard.;Freljord, Frostguard, Lissandra, Trundle, Nunu
Freljord;Les Ursines, ou Les Égarées, habitent la plupart des régions nord de Freljord. Entièrement composés d’esprits nomades, les Ursines sont des métamorphes humains qui servent le Grand Esprit de l'Ours connu sous le nom de Volibear. Les serviteurs de Volibear sont entièrement dévoués à la volonté et à la cause de leur maître. Alors que certains conservent leur apparence humaine, la plupart se métamorphosent de manière permanente en approximations grotesques d'animaux sauvages et d'autres types de monstres. La tribu existe depuis que les humains se sont installés à Freljord, toujours craints et respectés par les habitants de ces terres. Alors que les humains et les sublimés n'ont pas été en mesure de vaincre cette tribu, la griffe de l'hiver Sejuani et Udyr ont pu former une alliance temporaire avec l'Ursine pour combattre d'autres tribus plus importantes telles que les Avarosan et Frostguard. Seuls quelques êtres sont capables d'égaler la puissance de Volibear, comme le Grand Esprit du Bélier connu sous le nom d'Ornn.;The Ursine, or The Lost Ones, dwell in the north most parts of the Freljord. Entirely consisted of Spirit Walkers, the Ursine are human shapeshifters who serve the Great Spirit of the Bear known as Volibear. Volibears servants are entirely devoted to their masters will and cause. While some retain their human appearance, most permanently shapeshift into grotesque approximations of wild animals and other types of monsters. The tribe has existed for as long as humans settled the Freljord, ever feared and respected by the lands inhabitants. While humans and Iceborn alike have not been able to defeat this tribe, the Winter's Claw Sejuani and Udyr have been able to form a temporary alliance with the Ursine to fight other larger tribes such as the Avarosan and Frostguard. Only a few beings are able to match Volibears might, such as the Great Spirit of the Ram known as Ornn.;Freljord, Ursine, Volibear, Sejuani, Udyr, Ornn
Freljord;La tribu précédente de Nunu, les Notai, étaient une tribu nomade qui voyageait à travers le Freljord, s'installant à un endroit donné jusqu'à l'arrivée de l'hiver, où ils migraient vers les terres plus chaudes du sud. Choisissant un mode de vie non violent, la culture de cette tribu tournait autour de la collecte de contes et de mythes de différents coins de Freljord. La tribu avait une profonde vénération pour le demi-dieu Anivia, trouvant réconfort et conseils grâce à ses enseignements. L'état actuel de la tribu est inconnu, mais le groupe de caravanes de Nunu a été décimé par une attaque surprise de guardiens du givre, car les Notai abritaient d'anciens mystères des terres de Freljord que Lissandra veut garder secrets.;Previously Nunu's tribe, the Notai were a nomadic tribe that travelled across the Freljord, settling at a given place until the coming of winter when they would migrate to warmer southern lands. Choosing a non-violent lifestyle, the tribes culture revolved around gathering tales and myths from different corners of the Freljord. The tribe had a deep veneration for the Demi-God Anivia, finding solace and guidance from her teachings. The current state of the tribe is unknown, however Nunu's caravan group was decimated by a surprise Frostguard attack, due to the Notai harboring ancient secrets of the land that Lissandra wants to keep a secret.;Freljord, Notai, Nunu, Anivia, Lissandra
